commentId,userId
e4673e59-aaf0-4d10-81d9-d8ea322a0c03,13
cc2871e4-f7ba-4a2b-ac44-4158e90a53b1,14
84cb5ae7-78b3-4353-9b92-ff0c4f278408,46
148ba852-c281-4b1d-9c6c-e57c0ec00448,59
641ec007-5085-4e84-948d-90ffc93396c7,65
7b901e81-f9f8-47e8-822f-d3dc920ec0c0,108
ef6ca766-1f6c-49a1-8bc8-93cf3792993a,120
d31a47a3-4b8e-42dd-a64e-061a2e373188,155
1a5c7cdb-5f37-4e7a-9a64-55aadfa2da50,166
340699a4-d7dd-41b5-bc83-ed988a813dfe,173
52c5b58a-d6d8-460e-a5f0-94a865f2583f,173
d67a2ffb-945f-4fb3-b3d6-1cce30565e15,173
174006af-7656-432b-b1ea-9e2f24706eea,178
1999607d-13b5-4005-8375-f17672c97c3d,182
66c3ad35-d844-476f-b3b9-9da9d762a761,188
3545ecb8-d008-414c-ba42-b63bf1fe3e23,195
