commentId,userId,postId,createdAt,text
e4673e59-aaf0-4d10-81d9-d8ea322a0c03,13,1bf15977-9767-4bf7-8c38-7bfd8882ed5a,2025-08-27T14:09:04.033695,I wish I looked that gorgoues
cc2871e4-f7ba-4a2b-ac44-4158e90a53b1,14,f9cfb1ce-1995-4573-ba36-609a0c95dfc2,2025-08-27T14:09:04.033850,I wish I looked that gorgoues
84cb5ae7-78b3-4353-9b92-ff0c4f278408,46,f9cfb1ce-1995-4573-ba36-609a0c95dfc2,2025-08-27T14:09:04.034660,Cool
148ba852-c281-4b1d-9c6c-e57c0ec00448,59,e7d70970-0725-4884-adb6-a7b0daa5d26a,2025-08-27T14:09:04.035293,Cool
641ec007-5085-4e84-948d-90ffc93396c7,65,db113714-9f49-4446-9385-74cddb8bdd3e,2025-08-27T14:09:04.035632,Nice!
7b901e81-f9f8-47e8-822f-d3dc920ec0c0,108,836d4ec3-6bfe-404a-9ff6-518005815a16,2025-08-27T14:09:04.036573,Love this
ef6ca766-1f6c-49a1-8bc8-93cf3792993a,120,e3e7e303-0c3d-4c5f-9a89-b2122efbb0fb,2025-08-27T14:09:04.037096,I wish I looked that gorgoues
d31a47a3-4b8e-42dd-a64e-061a2e373188,155,a366e92d-22cc-4d93-8d64-4ff0b3cd18e1,2025-08-27T14:09:04.037646,I wish I looked that gorgoues
1a5c7cdb-5f37-4e7a-9a64-55aadfa2da50,166,b25b5658-04f8-49d4-a59b-ac74e04dbdf2,2025-08-27T14:09:04.037916,Love this
340699a4-d7dd-41b5-bc83-ed988a813dfe,173,1bf15977-9767-4bf7-8c38-7bfd8882ed5a,2025-08-27T14:09:04.037990,Love this
52c5b58a-d6d8-460e-a5f0-94a865f2583f,173,f3b2406f-2355-44ca-9db3-7a30660a7ce4,2025-08-27T14:09:04.038030,Cool
d67a2ffb-945f-4fb3-b3d6-1cce30565e15,173,943b227c-25de-4e32-90d9-1e72c951fdb4,2025-08-27T14:09:04.038070,That is very interesting of you
174006af-7656-432b-b1ea-9e2f24706eea,178,d5b2bfa9-49fa-4642-9e6d-f84f84c29614,2025-08-27T14:09:04.038108,That is very interesting of you
1999607d-13b5-4005-8375-f17672c97c3d,182,4fdcd3b5-cf05-4087-9cb2-d6e4b2e1a8de,2025-08-27T14:09:04.038194,That is very interesting of you
66c3ad35-d844-476f-b3b9-9da9d762a761,188,d2fce984-8787-4215-8981-f345eedab309,2025-08-27T14:09:04.038300,Nice!
3545ecb8-d008-414c-ba42-b63bf1fe3e23,195,4ddfbad9-9c87-448e-a43c-b3a23da4a12b,2025-08-27T14:09:04.038597,That is very interesting of you
